,,,2018-19 Season,2018-19 Season,2018-19 Season,2018-19 Season,2018-19 Season,2018-19 Season,Career at Current School,Career at Current School,Career at Current School,Career at Current School,Career at Current School,Career at Current School,Career at Current School,Career at Current School,Career Overall,Career Overall,Career Overall,Career Overall,Career Overall,Career Overall,Career Overall
Coach,School,Conference,W,L,W-L%,AP Pre,AP Post,NCAA Tournament,Since,W,L,W-L%,NCAA,S16,FF,Chmp,W,L,W-L%,NCAA,S16,FF,Chmp
Joe Golding,Abilene Christian,Southland,27,7,.794,,,Lost First Round,2013-14,90,98,.479,1,,,,90,98,.479,1,,,
Dave Pilipovich,Air Force,MWC,14,18,.438,,,,2011-12,98,131,.428,,,,,98,131,.428,,,,
John Groce,Akron,MAC,17,16,.515,,,,2017-18,31,34,.477,,,,,211,165,.561,3,1,,
Avery Johnson,Alabama,SEC,18,16,.529,,,,2015-16,75,62,.547,1,,,,75,62,.547,1,,,
Dylan Howard,Alabama A&M,SWAC,5,27,.156,,,,2018-19,5,27,.156,,,,,5,27,.156,,,,
Rob Ehsan,Alabama-Birmingham,CUSA,20,15,.571,,,,2016-17,57,44,.564,,,,,57,44,.564,,,,
Lewis Jackson,Alabama State,SWAC,12,19,.387,,,,2005-06,199,238,.455,2,,,,199,238,.455,2,,,
Will Brown,Albany (NY),AEC,12,20,.375,,,,2001-02,294,268,.523,5,,,,294,268,.523,5,,,
Montez Robinson,Alcorn State,SWAC,10,21,.323,,,,2015-16,54,71,.432,,,,,54,71,.432,,,,
Mike Brennan,American,Patriot,15,15,.500,,,,2013-14,78,109,.417,1,,,,78,109,.417,1,,,
Jim Fox,Appalachian State,Sun Belt,11,21,.344,,,,2014-15,56,99,.361,,,,,56,99,.361,,,,
Sean Miller,Arizona,Pac-12,17,15,.531,,,,2009-10,264,89,.748,7,5,,,384,136,.738,11,7,,
Bobby Hurley,Arizona State,Pac-12,23,11,.676,,,Lost First Round,2015-16,73,58,.557,2,,,,115,78,.596,3,,,
Mike Anderson,Arkansas,SEC,18,16,.529,,,,2011-12,169,102,.624,3,,,,369,200,.649,9,2,,
Darrell Walker,Little Rock,Sun Belt,10,21,.323,,,,2018-19,10,21,.323,,,,,10,21,.323,,,,
George Ivory,Arkansas-Pine Bluff,SWAC,13,19,.406,,,,2008-09,132,222,.373,1,,,,132,222,.373,1,,,
Mike Balado,Arkansas State,Sun Belt,13,19,.406,,,,2017-18,24,40,.375,,,,,24,40,.375,,,,
Jimmy Allen,Army,Patriot,13,19,.406,,,,2016-17,39,55,.415,,,,,39,55,.415,,,,
Bruce Pearl,Auburn,SEC,30,10,.750,11,14,Lost National Semifinal,2014-15,100,72,.581,2,1,1,,331,171,.659,10,5,1,
Matt Figger,Austin Peay,OVC,22,11,.667,,,,2017-18,41,26,.612,,,,,41,26,.612,,,,
James Whitford,Ball State,MAC,16,17,.485,,,,2013-14,89,105,.459,,,,,89,105,.459,,,,
Scott Drew,Baylor,Big 12,20,14,.588,,,Lost Second Round,2003-04,318,209,.603,8,4,,,338,220,.606,8,4,,
Rick Byrd,Belmont,OVC,27,6,.818,,,Lost First Round,1999-00,415,220,.654,8,,,,415,220,.654,8,,,
Ryan Ridder,Bethune-Cookman,MEAC,14,17,.452,,,,2017-18,32,31,.508,,,,,32,31,.508,,,,
Tommy Dempsey,Binghamton,AEC,10,23,.303,,,,2012-13,57,161,.261,,,,,176,266,.398,,,,
Leon Rice,Boise State,MWC,13,20,.394,,,,2010-11,178,116,.605,2,,,,178,116,.605,2,,,
Jim Christian,Boston College,ACC,14,17,.452,,,,2014-15,62,100,.383,,,,,304,254,.545,2,,,
Joe Jones,Boston University,Patriot,15,18,.455,,,,2011-12,137,120,.533,,,,,223,228,.494,,,,
Michael Huger,Bowling Green State,MAC,22,12,.647,,,,2015-16,67,65,.508,,,,,67,65,.508,,,,
Brian Wardle,Bradley,MVC,20,15,.571,,,Lost First Round,2015-16,58,75,.436,1,,,,153,140,.522,1,,,
Dave Rose*,BYU,WCC,19,13,.594,,,,2005-06,348,135,.720,8,1,,,348,135,.720,8,1,,
Mike Martin,Brown,Ivy,20,12,.625,,,,2012-13,93,112,.454,,,,,93,112,.454,,,,
Jared Grasso,Bryant,NEC,10,20,.333,,,,2018-19,10,20,.333,,,,,11,42,.208,,,,
Nathan Davis,Bucknell,Patriot,21,12,.636,,,,2015-16,89,45,.664,2,,,,89,45,.664,2,,,
Nate Oats,Buffalo,MAC,32,4,.889,,15,Lost Second Round,2015-16,96,43,.691,3,,,,96,43,.691,3,,,
LaVall Jordan,Butler,Big East,16,17,.485,,,,2017-18,37,31,.544,1,,,,48,55,.466,1,,,
Joe Callero,Cal Poly,Big West,6,23,.207,,,,2009-10,126,184,.406,1,,,,126,184,.406,1,,,
Rod Barnes,Cal State Bakersfield,WAC,18,16,.529,,,,2011-12,136,122,.527,1,,,,322,311,.509,4,1,,
Dedrique Taylor,Cal State Fullerton,Big West,16,18,.471,,,,2013-14,83,107,.437,1,,,,83,107,.437,1,,,
Mark Gottfried,Cal State Northridge,Big West,13,21,.382,,,,2018-19,13,21,.382,,,,,414,262,.612,11,3,,
Wyking Jones,California,Pac-12,8,23,.258,,,,2017-18,16,47,.254,,,,,16,47,.254,,,,
Rick Croy,California Baptist,WAC,16,15,.516,,,,2018-19,16,15,.516,,,,,16,15,.516,,,,
Jim Les,UC-Davis,Big West,11,20,.355,,,,2011-12,120,135,.471,1,,,,274,275,.499,2,1,,
Russ Turner,UC-Irvine,Big West,31,6,.838,,,Lost Second Round,2010-11,188,128,.595,2,,,,188,128,.595,2,,,
David Patrick,UC-Riverside,Big West,10,23,.303,,,,2018-19,10,23,.303,,,,,10,23,.303,,,,
Joe Pasternack,UCSB,Big West,22,10,.688,,,,2017-18,45,19,.703,,,,,83,73,.532,,,,
Kevin McGeehan,Campbell,Big South,20,13,.606,,,,2013-14,91,107,.460,,,,,91,107,.460,,,,
Reggie Witherspoon,Canisius,MAAC,15,17,.469,,,,2016-17,54,45,.545,,,,,252,273,.480,,,,
Russ Pennell,Central Arkansas,Southland,14,19,.424,,,,2014-15,49,108,.312,,,,,70,122,.365,1,1,,
Donyell Marshall,Central Connecticut,NEC,11,20,.355,,,,2016-17,31,61,.337,,,,,31,61,.337,,,,
Johnny Dawkins,UCF,AAC,24,9,.727,,,Lost Second Round,2016-17,67,34,.663,1,,,,223,149,.599,2,1,,
Keno Davis,Central Michigan,MAC,23,12,.657,,,,2012-13,121,109,.526,,,,,195,164,.543,1,,,
Barclay Radebaugh,Charleston Southern,Big South,18,16,.529,,,,2005-06,193,238,.448,,,,,193,238,.448,,,,
Ron Sanchez,Charlotte,CUSA,8,21,.276,,,,2018-19,8,21,.276,,,,,8,21,.276,,,,
Lamont Paris,Chattanooga,Southern,12,20,.375,,,,2017-18,22,43,.338,,,,,22,43,.338,,,,
Lance Irvin,Chicago State,WAC,3,29,.094,,,,2018-19,3,29,.094,,,,,3,29,.094,,,,
Mick Cronin,Cincinnati,AAC,28,7,.800,,22,Lost First Round,2006-07,296,147,.668,9,1,,,365,171,.681,11,1,,
Duggar Baucom,Citadel,Southern,12,18,.400,,,,2015-16,45,82,.354,,,,,196,241,.449,,,,
Brad Brownell,Clemson,ACC,20,14,.588,22,,,2010-11,169,127,.571,2,1,,,336,212,.613,5,1,,
Dennis Felton,Cleveland State,Horizon,10,21,.323,,,,2017-18,22,44,.333,,,,,206,189,.522,4,,,
Cliff Ellis,Coastal Carolina,Sun Belt,17,17,.500,,,,2007-08,230,164,.584,2,,,,766,502,.604,10,3,,
Matt Langel,Colgate,Patriot,24,11,.686,,,Lost First Round,2011-12,114,142,.445,1,,,,114,142,.445,1,,,
Earl Grant,College of Charleston,CAA,24,9,.727,,,,2014-15,101,65,.608,1,,,,101,65,.608,1,,,
Tad Boyle,Colorado,Pac-12,23,13,.639,,,,2010-11,189,123,.606,4,,,,245,189,.565,4,,,
Niko Medved,Colorado State,MWC,12,20,.375,,,,2018-19,12,20,.375,,,,,91,108,.457,,,,
Jim Engles,Columbia,Ivy,10,18,.357,,,,2016-17,29,53,.354,,,,,140,192,.422,,,,
Dan Hurley,UConn,AAC,16,17,.485,,,,2018-19,16,17,.485,,,,,167,122,.578,2,,,
Juan Dixon,Coppin State,MEAC,8,25,.242,,,,2017-18,13,52,.200,,,,,13,52,.200,,,,
Brian Earl,Cornell,Ivy,15,16,.484,,,,2016-17,35,53,.398,,,,,35,53,.398,,,,
Greg McDermott,Creighton,Big East,20,15,.571,,,,2010-11,207,109,.655,5,,,,356,240,.597,8,,,
David McLaughlin,Dartmouth,Ivy,11,19,.367,,,,2016-17,25,59,.298,,,,,25,59,.298,,,,
Bob McKillop,Davidson,A-10,24,10,.706,,,,1989-90,578,350,.623,9,1,,,578,350,.623,9,1,,
Anthony Grant,Dayton,A-10,21,12,.636,,,,2017-18,35,29,.547,,,,,228,139,.621,3,,,
Martin Ingelsby,Delaware,CAA,17,16,.515,,,,2016-17,44,55,.444,,,,,44,55,.444,,,,
Keith Johnson,Delaware State,MEAC,6,25,.194,,,,2017-18,7,28,.200,,,,,7,28,.200,,,,
Rodney Billups,Denver,Summit,8,22,.267,,,,2016-17,39,51,.433,,,,,39,51,.433,,,,
Dave Leitao,DePaul,Big East,19,17,.528,,,,2002-03,106,116,.477,1,,,,191,211,.475,2,,,
Mike Davis,Detroit,Horizon,11,20,.355,,,,2018-19,11,20,.355,,,,,363,261,.582,9,1,1,
Darian DeVries,Drake,MVC,24,10,.706,,,,2018-19,24,10,.706,,,,,24,10,.706,,,,
Zach Spiker,Drexel,CAA,13,19,.406,,,,2016-17,35,62,.361,,,,,137,174,.441,,,,
Mike Krzyzewski,Duke,ACC,32,6,.842,4,1,Lost Regional Final,1980-81,1059,285,.788,35,25,12,5,1132,344,.767,35,25,12,5
Keith Dambrot,Duquesne,A-10,19,13,.594,,,,2017-18,35,29,.547,,,,,360,202,.641,3,,,
Joe Dooley,East Carolina,AAC,10,21,.323,,,,1995-96,67,73,.479,,,,,181,131,.580,2,,,
Steve Forbes,ETSU,Southern,24,10,.706,,,,2015-16,100,39,.719,1,,,,100,39,.719,1,,,
Jay Spoonhour,Eastern Illinois,OVC,14,18,.438,,,,2012-13,93,124,.429,,,,,99,128,.436,,,,
A.W. Hamilton,Eastern Kentucky,OVC,13,18,.419,,,,2018-19,13,18,.419,,,,,13,18,.419,,,,
Rob Murphy,Eastern Michigan,MAC,15,17,.469,,,,2011-12,144,127,.531,,,,,144,127,.531,,,,
Shantay Legans,Eastern Washington,Big Sky,16,18,.471,,,,2017-18,36,33,.522,,,,,36,33,.522,,,,
Matt Matheny,Elon,CAA,11,21,.344,,,,2009-10,151,169,.472,,,,,151,169,.472,,,,
Walter McCarty,Evansville,MVC,11,21,.344,,,,2018-19,11,21,.344,,,,,11,21,.344,,,,
Sydney Johnson,Fairfield,MAAC,9,22,.290,,,,2011-12,116,147,.441,,,,,182,200,.476,1,,,
Greg Herenda,Fairleigh Dickinson,NEC,21,14,.600,,,Lost First Round,2013-14,81,108,.429,2,,,,81,108,.429,2,,,
Michael White,Florida,SEC,20,16,.556,,,Lost Second Round,2015-16,89,53,.627,3,1,,,190,93,.671,3,1,,
Robert McCullum,Florida A&M,MEAC,12,19,.387,,,,2017-18,21,44,.323,,,,,105,165,.389,,,,
Dusty May,Florida Atlantic,CUSA,17,16,.515,,,,2018-19,17,16,.515,,,,,17,16,.515,,,,
Michael Fly,Florida Gulf Coast,A-Sun,14,18,.438,,,,2018-19,14,18,.438,,,,,14,18,.438,,,,
Jeremy Ballard,Florida International,CUSA,20,14,.588,,,,2018-19,20,14,.588,,,,,20,14,.588,,,,
Leonard Hamilton*,Florida State,ACC,29,8,.784,17,10,Lost Regional Semifinal,2002-03,356,216,.622,7,3,,,556,426,.566,10,4,,
Jeff Neubauer,Fordham,A-10,12,20,.375,,,,2015-16,51,75,.405,,,,,239,209,.533,2,,,
Justin Hutson,Fresno State,MWC,23,9,.719,,,,2018-19,23,9,.719,,,,,23,9,.719,,,,
Bob Richey,Furman,Southern,25,8,.758,,,,2017-18,48,18,.727,,,,,48,18,.727,,,,
Tim Craft,Gardner-Webb,Big South,23,12,.657,,,Lost First Round,2013-14,111,90,.552,1,,,,111,90,.552,1,,,
Dave Paulsen,George Mason,A-10,18,15,.545,,,,2015-16,65,67,.492,,,,,199,161,.553,2,,,
Maurice Joseph,George Washington,A-10,9,24,.273,,,,2016-17,44,57,.436,,,,,44,57,.436,,,,
Patrick Ewing,Georgetown,Big East,19,14,.576,,,,2017-18,34,29,.540,,,,,34,29,.540,,,,
Tom Crean,Georgia,SEC,11,21,.344,,,,2018-19,11,21,.344,,,,,367,252,.593,9,4,1,
Mark Byington,Georgia Southern,Sun Belt,21,12,.636,,,,2013-14,111,84,.569,,,,,111,84,.569,,,,
Ron Hunter,Georgia State,Sun Belt,24,10,.706,,,Lost First Round,2011-12,171,95,.643,3,,,,392,274,.589,4,,,
Josh Pastner,Georgia Tech,ACC,14,18,.438,,,,2016-17,48,53,.475,,,,,215,126,.630,4,,,
Mark Few,Gonzaga,WCC,33,4,.892,3,4,Lost Regional Final,1999-00,568,122,.823,20,9,1,,568,122,.823,20,9,1,
Donte Jackson,Grambling,SWAC,17,17,.500,,,,2017-18,34,31,.523,,,,,34,31,.523,,,,
Dan Majerle,Grand Canyon,WAC,20,14,.588,,,,2013-14,123,72,.631,,,,,123,72,.631,,,,
Linc Darner,Green Bay,Horizon,21,17,.553,,,,2015-16,75,64,.540,1,,,,75,64,.540,1,,,
Edward Joyner,Hampton,Big South,18,17,.514,,,,2009-10,170,157,.520,3,,,,170,157,.520,3,,,
John Gallagher,Hartford,AEC,18,15,.545,,,,2010-11,124,163,.432,,,,,124,163,.432,,,,
Tommy Amaker,Harvard,Ivy,19,12,.613,,,,2007-08,230,131,.637,4,,,,406,270,.601,5,1,,
Eran Ganot,Hawaii,Big West,18,13,.581,,,,2015-16,77,48,.616,1,,,,80,50,.615,1,,,
Tubby Smith,High Point,Big South,16,15,.516,,,,2018-19,16,15,.516,,,,,613,317,.659,18,9,1,1
Joe Mihalich,Hofstra,CAA,27,8,.771,,,,2013-14,115,84,.578,,,,,380,287,.570,2,,,
Bill Carmody,Holy Cross,Patriot,16,17,.485,,,,2015-16,58,73,.443,1,,,,342,308,.526,3,,,
Kelvin Sampson,Houston,AAC,33,4,.892,,11,Lost Regional Semifinal,2014-15,116,52,.690,2,1,,,541,279,.660,16,4,1,
Ron Cottrell,Houston Baptist,Southland,12,18,.400,,,,2008-09,116,224,.341,,,,,116,224,.341,,,,
Kevin Nickelberry,Howard,MEAC,17,17,.500,,,,2010-11,96,194,.331,,,,,145,238,.379,,,,
Don Verlin,Idaho,Big Sky,5,27,.156,,,,2008-09,177,176,.501,,,,,177,176,.501,,,,
Bill Evans,Idaho State,Big Sky,11,19,.367,,,,2012-13,70,141,.332,,,,,278,364,.433,1,,,
Brad Underwood,Illinois,Big Ten,12,21,.364,,,,2017-18,26,39,.400,,,,,135,66,.672,4,,,
Steve McClain,UIC,Horizon,16,16,.500,,,,2015-16,58,76,.433,,,,,215,191,.530,1,,,
Dan Muller,Illinois State,MVC,17,16,.515,,,,2012-13,139,96,.591,,,,,139,96,.591,,,,
Carson Cunningham,Incarnate Word,Southland,6,25,.194,,,,2018-19,6,25,.194,,,,,6,25,.194,,,,
Archie Miller,Indiana,Big Ten,19,16,.543,,,,2017-18,35,31,.530,,,,,174,94,.649,4,1,,
Greg Lansing,Indiana State,MVC,15,16,.484,,,,2010-11,148,142,.510,1,,,,148,142,.510,1,,,
Tim Cluess,Iona,MAAC,17,16,.515,,,Lost First Round,2010-11,199,108,.648,6,,,,199,108,.648,6,,,
Fran McCaffery,Iowa,Big Ten,23,12,.657,,,Lost Second Round,2010-11,174,132,.569,4,,,,425,309,.579,9,,,
Steve Prohm,Iowa State,Big 12,23,12,.657,,24,Lost First Round,2015-16,83,53,.610,3,1,,,187,82,.695,4,1,,
Jon Coffman,Purdue-Fort Wayne,Summit,18,15,.545,,,,2014-15,96,68,.585,,,,,96,68,.585,,,,
Jason Gardner,IUPUI,Horizon,16,17,.485,,,,2014-15,64,94,.405,,,,,64,94,.405,,,,
Wayne Brent,Jackson State,SWAC,13,19,.406,,,,2013-14,81,114,.415,,,,,81,114,.415,,,,
Tony Jasick,Jacksonville,A-Sun,12,20,.375,,,,2014-15,70,92,.432,,,,,122,139,.467,,,,
Ray Harper,Jacksonville State,OVC,24,9,.727,,,,2016-17,67,37,.644,1,,,,156,101,.607,3,,,
Louis Rowe,James Madison,CAA,14,19,.424,,,,2016-17,34,64,.347,,,,,34,64,.347,,,,
Bill Self,Kansas,Big 12,26,10,.722,1,17,Lost Second Round,2003-04,473,106,.817,16,10,3,1,680,211,.763,21,13,3,1
Bruce Weber,Kansas State,Big 12,25,9,.735,12,18,Lost First Round,2012-13,150,89,.628,5,1,,,463,244,.655,13,4,1,
Al Skinner,Kennesaw State,A-Sun,6,26,.188,,,,2015-16,41,84,.328,,,,,426,375,.532,9,1,,
Rob Senderoff,Kent State,MAC,22,11,.667,,,,2011-12,161,109,.596,1,,,,161,109,.596,1,,,
John Calipari*,Kentucky,SEC,30,7,.811,2,7,Lost Regional Final,2009-10,305,71,.811,9,8,4,1,750,211,.780,20,15,6,1
Ashley Howard,La Salle,A-10,10,21,.323,,,,2018-19,10,21,.323,,,,,10,21,.323,,,,
Fran O'Hanlon,Lafayette,Patriot,10,20,.333,,,,1995-96,323,395,.450,3,,,,323,395,.450,3,,,
Tic Price,Lamar,Southland,20,13,.606,,,,2013-14,85,80,.515,,,,,252,202,.555,2,,,
Brett Reed,Lehigh,Patriot,20,11,.645,,,,2007-08,218,157,.581,2,,,,218,157,.581,2,,,
Ritchie McKay,Liberty,A-Sun,29,7,.806,,,Lost Second Round,2007-08,124,83,.599,1,,,,289,241,.545,2,,,
Casey Alexander,Lipscomb,A-Sun,29,8,.784,,,,2013-14,113,84,.574,1,,,,137,120,.533,1,,,
Dan Monson,Long Beach State,Big West,15,19,.441,,,,2007-08,200,196,.505,1,,,,370,319,.537,3,1,,
Derek Kellogg,LIU-Brooklyn,NEC,16,16,.500,,,,2017-18,34,33,.507,1,,,,189,170,.526,2,,,
Griff Aldrich,Longwood,Big South,16,18,.471,,,,2018-19,16,18,.471,,,,,16,18,.471,,,,
Bob Marlin,Louisiana,Sun Belt,19,13,.594,,,,2010-11,174,124,.584,1,,,,399,255,.610,3,,,
Keith Richard,Louisiana-Monroe,Sun Belt,19,16,.543,,,,2010-11,112,174,.392,,,,,262,291,.474,,,,
Will Wade,LSU,SEC,28,7,.800,23,12,Lost Regional Semifinal,2017-18,46,22,.676,1,1,,,137,67,.672,3,1,,
Eric Konkol,Louisiana Tech,CUSA,20,13,.606,,,,2015-16,83,49,.629,,,,,83,49,.629,,,,
Chris Mack,Louisville,ACC,20,14,.588,,,Lost First Round,2018-19,20,14,.588,1,,,,235,111,.679,9,4,,
Porter Moser,Loyola (IL),MVC,20,14,.588,,,,2011-12,141,125,.530,1,1,1,,246,226,.521,1,1,1,
Mike Dunlap,Loyola Marymount,WCC,22,12,.647,,,,2014-15,70,87,.446,,,,,70,87,.446,,,,
Tavaras Hardy,Loyola (MD),Patriot,11,21,.344,,,,2018-19,11,21,.344,,,,,11,21,.344,,,,
Richard Barron,Maine,AEC,5,27,.156,,,,2018-19,5,27,.156,,,,,5,27,.156,,,,
Steve Masiello,Manhattan,MAAC,11,21,.344,,,,2011-12,127,131,.492,2,,,,127,131,.492,2,,,
John Dunne,Marist,MAAC,12,19,.387,,,,2018-19,12,19,.387,,,,,165,244,.403,1,,,
Steve Wojciechowski,Marquette,Big East,24,10,.706,,,Lost First Round,2014-15,97,69,.584,2,,,,97,69,.584,2,,,
Dan D'Antoni,Marshall,CUSA,23,14,.622,,,,2014-15,96,77,.555,1,,,,96,77,.555,1,,,
Mark Turgeon,Maryland,Big Ten,23,11,.676,,,Lost Second Round,2011-12,180,92,.662,4,1,,,430,251,.631,9,2,,
Ryan Odom,UMBC,AEC,21,13,.618,,,,2016-17,67,37,.644,1,,,,75,48,.610,1,,,
Clifford Reed,Maryland-Eastern Shore,MEAC,7,25,.219,,,,2018-19,7,25,.219,,,,,132,192,.407,,,,
Matt McCall,UMass,A-10,11,21,.344,,,,2017-18,24,41,.369,,,,,72,59,.550,1,,,
Pat Duquette,UMass-Lowell,AEC,15,17,.469,,,,2013-14,71,108,.397,,,,,71,108,.397,,,,
Heath Schroyer,McNeese State,Southland,9,22,.290,,,,2018-19,9,22,.290,,,,,135,166,.449,,,,
Anfernee Hardaway,Memphis,AAC,22,14,.611,,,,2018-19,22,14,.611,,,,,22,14,.611,,,,
Bob Hoffman,Mercer,Southern,11,20,.355,,,,2008-09,209,165,.559,1,,,,277,242,.534,1,,,
Jim Larranaga,Miami (FL),ACC,14,18,.438,,,,2011-12,175,97,.643,4,2,,,617,406,.603,9,3,1,
Jack Owens,Miami (OH),MAC,15,17,.469,,,,2017-18,31,35,.470,,,,,31,35,.470,,,,
John Beilein,Michigan,Big Ten,30,7,.811,19,8,Lost Regional Semifinal,2007-08,278,150,.650,9,5,2,,571,325,.637,13,7,2,
Tom Izzo,Michigan State,Big Ten,32,7,.821,10,5,Lost National Semifinal,1995-96,606,232,.723,22,14,8,1,606,232,.723,22,14,8,1
Nick McDevitt,Middle Tennessee,CUSA,11,21,.344,,,,2018-19,11,21,.344,,,,,109,87,.556,1,,,
Pat Baldwin,Milwaukee,Horizon,9,22,.290,,,,2017-18,25,39,.391,,,,,25,39,.391,,,,
Richard Pitino,Minnesota,Big Ten,22,14,.611,,,Lost Second Round,2013-14,112,92,.549,2,,,,130,106,.551,2,,,
Kermit Davis,Ole Miss,SEC,20,13,.606,,,Lost First Round,2018-19,20,13,.606,1,,,,423,251,.628,6,,,
Ben Howland,Mississippi State,SEC,23,11,.676,18,,Lost First Round,2015-16,78,56,.582,1,,,,477,264,.644,11,5,3,
Andre Payne,Mississippi Valley State,SWAC,6,26,.188,,,,2014-15,31,132,.190,,,,,31,132,.190,,,,
Cuonzo Martin,Missouri,SEC,15,17,.469,,,,2017-18,35,30,.538,1,,,,221,151,.594,3,1,,
Kareem Richardson,UMKC,WAC,11,21,.344,,,,2013-14,75,118,.389,,,,,75,118,.389,,,,
Dana Ford,Missouri State,MVC,16,16,.500,,,,2018-19,16,16,.500,,,,,73,81,.474,,,,
King Rice,Monmouth,MAAC,14,21,.400,,,,2011-12,131,133,.496,,,,,131,133,.496,,,,
Travis DeCuire,Montana,Big Sky,26,9,.743,,,Lost First Round,2014-15,109,58,.653,2,,,,109,58,.653,2,,,
Brian Fish,Montana State,Big Sky,15,17,.469,,,,2014-15,65,92,.414,,,,,65,92,.414,,,,
Preston Spradlin,Morehead State,OVC,13,20,.394,,,,2016-17,33,50,.398,,,,,33,50,.398,,,,
Todd Bozeman*,Morgan State,MEAC,9,21,.300,,,,2006-07,195,217,.473,2,,,,258,252,.506,5,1,,
Dan Engelstad,Mount St. Mary's,NEC,9,22,.290,,,,2018-19,9,22,.290,,,,,9,22,.290,,,,
Matt McMahon,Murray State,OVC,28,5,.848,,,Lost Second Round,2015-16,87,42,.674,2,,,,87,42,.674,2,,,
Ed DeChellis,Navy,Patriot,12,19,.387,,,,2011-12,100,150,.400,,,,,319,381,.456,2,,,
Tim Miles,Nebraska,Big Ten,19,17,.528,,,,2012-13,116,114,.504,1,,,,223,222,.501,2,,,
Derrin Hansen,Omaha,Summit,21,11,.656,,,,2012-13,106,113,.484,,,,,106,113,.484,,,,
Eric Musselman,Nevada,MWC,29,5,.853,7,20,Lost First Round,2015-16,110,34,.764,3,1,,,110,34,.764,3,1,,
Marvin Menzies,UNLV,MWC,17,14,.548,,,,2016-17,48,48,.500,,,,,246,159,.607,5,,,
Bill Herrion,New Hampshire,AEC,5,24,.172,,,,2005-06,172,251,.407,,,,,409,420,.493,3,,,
Paul Weir,New Mexico,MWC,14,18,.438,,,,2017-18,33,33,.500,,,,,61,39,.610,1,,,
Chris Jans,New Mexico State,WAC,30,5,.857,,,Lost First Round,2017-18,58,11,.841,2,,,,79,23,.775,2,,,
Mark Slessinger,New Orleans,Southland,19,14,.576,,,,2012-13,95,114,.455,1,,,,95,114,.455,1,,,
Chris Casey,Niagara,MAAC,13,19,.406,,,,2013-14,64,129,.332,,,,,64,129,.332,,,,
Austin Claunch,Nicholls State,Southland,14,17,.452,,,,2018-19,14,17,.452,,,,,14,17,.452,,,,
Brian Kennedy,NJIT,A-Sun,22,13,.629,,,,2016-17,47,49,.490,,,,,47,49,.490,,,,
Robert Jones,Norfolk State,MEAC,22,14,.611,,,,2013-14,109,96,.532,,,,,109,96,.532,,,,
Tony Pujol,North Alabama,A-Sun,10,22,.312,,,,2018-19,10,22,.312,,,,,10,22,.312,,,,
Roy Williams,UNC,ACC,29,7,.806,8,3,Lost Regional Semifinal,2003-04,453,133,.773,15,10,5,3,871,234,.788,29,19,9,3
Mike Morell,UNC Asheville,Big South,4,27,.129,,,,2018-19,4,27,.129,,,,,4,27,.129,,,,
Jay Joyner,North Carolina A&T,MEAC,19,13,.594,,,,2015-16,47,62,.431,,,,,47,62,.431,,,,
LeVelle Moton,North Carolina Central,MEAC,18,16,.529,,,,2009-10,189,135,.583,4,,,,189,135,.583,4,,,
Wes Miller,UNC Greensboro,Southern,29,7,.806,,,,2011-12,141,117,.547,1,,,,141,117,.547,1,,,
Kevin Keatts,NC State,ACC,24,12,.667,,,,2017-18,45,24,.652,1,,,,117,52,.692,3,,,
C.B. McGrath,UNC Wilmington,CAA,10,23,.303,,,,2017-18,21,44,.323,,,,,21,44,.323,,,,
Brian Jones,North Dakota,Summit,12,18,.400,,,,2009-10,148,173,.461,1,,,,148,173,.461,1,,,
David Richman,North Dakota State,Summit,19,16,.543,,,Lost First Round,2014-15,96,67,.589,2,,,,96,67,.589,2,,,
Matthew Driscoll,North Florida,A-Sun,16,17,.485,,,,2009-10,163,167,.494,1,,,,163,167,.494,1,,,
Grant McCasland,North Texas,CUSA,21,12,.636,,,,2017-18,41,30,.577,,,,,61,42,.592,,,,
Bill Coen,Northeastern,CAA,23,11,.676,,,Lost First Round,2006-07,224,197,.532,2,,,,224,197,.532,2,,,
Jack Murphy,Northern Arizona,Big Sky,10,21,.323,,,,2012-13,78,149,.344,,,,,78,149,.344,,,,
Jeff Linder,Northern Colorado,Big Sky,21,11,.656,,,,2016-17,58,41,.586,,,,,58,41,.586,,,,
Mark Montgomery,Northern Illinois,MAC,17,17,.500,,,,2011-12,105,150,.412,,,,,105,150,.412,,,,
Ben Jacobson,Northern Iowa,MVC,16,18,.471,,,,2006-07,266,168,.613,4,1,,,266,168,.613,4,1,,
John Brannen,Northern Kentucky,Horizon,26,9,.743,,,Lost First Round,2015-16,81,51,.614,2,,,,82,52,.612,2,,,
Chris Collins,Northwestern,Big Ten,13,19,.406,,,,2013-14,101,96,.513,1,,,,101,96,.513,1,,,
Mike McConathy,Northwestern State,Southland,11,20,.355,,,,1999-00,295,321,.479,3,,,,295,321,.479,3,,,
Mike Brey,Notre Dame,ACC,14,19,.424,,,,2000-01,417,221,.654,12,3,,,516,273,.654,14,3,,
Greg Kampe,Oakland,Horizon,16,17,.485,,,,1999-00,354,293,.547,3,,,,354,293,.547,3,,,
Saul Phillips,Ohio,MAC,14,17,.452,,,,2014-15,81,77,.513,,,,,215,161,.572,2,,,
Chris Holtmann,Ohio State,Big Ten,20,15,.571,,,Lost Second Round,2017-18,45,24,.652,2,,,,159,109,.593,5,1,,
Lon Kruger,Oklahoma,Big 12,20,14,.588,,,Lost Second Round,2011-12,160,105,.604,6,2,1,,639,409,.610,19,5,2,
Michael Boynton,Oklahoma State,Big 12,12,20,.375,,,,2017-18,33,35,.485,,,,,33,35,.485,,,,
Jeff Jones,Old Dominion,CUSA,26,9,.743,,,Lost First Round,2013-14,140,67,.676,1,,,,497,354,.584,8,2,,
Paul Mills,Oral Roberts,Summit,11,21,.344,,,,2017-18,22,42,.344,,,,,22,42,.344,,,,
Dana Altman,Oregon,Pac-12,25,13,.658,14,,Lost Regional Semifinal,2010-11,235,96,.710,6,4,1,,645,339,.655,14,4,1,
Wayne Tinkle,Oregon State,Pac-12,18,13,.581,,,,2014-15,75,83,.475,1,,,,233,174,.572,4,,,
Damon Stoudamire,Pacific,WCC,14,18,.438,,,,2016-17,39,58,.402,,,,,39,58,.402,,,,
Patrick Chambers,Penn State,Big Ten,14,18,.438,,,,2011-12,127,140,.476,,,,,169,168,.501,1,,,
Steve Donahue,Penn,Ivy,19,12,.613,,,,2015-16,67,53,.558,1,,,,267,267,.500,4,1,,
Lorenzo Romar,Pepperdine,WCC,16,18,.471,,,,1996-97,58,62,.483,,,,,407,302,.574,7,3,,
Jeff Capel*,Pitt,ACC,14,19,.424,,,,2018-19,14,19,.424,,,,,189,129,.594,3,1,,
Terry Porter,Portland,WCC,7,25,.219,,,,2016-17,28,69,.289,,,,,28,69,.289,,,,
Barret Peery,Portland State,Big Sky,16,16,.500,,,,2017-18,36,30,.545,,,,,36,30,.545,,,,
Byron Smith,Prairie View,SWAC,22,13,.629,,,,2015-16,57,57,.500,1,,,,57,57,.500,1,,,
Dustin Kerns,Presbyterian,Big South,20,16,.556,,,,2017-18,31,37,.456,,,,,31,37,.456,,,,
Mitch Henderson,Princeton,Ivy,16,12,.571,,,,2011-12,148,88,.627,1,,,,148,88,.627,1,,,
Ed Cooley,Providence,Big East,18,16,.529,,,,2011-12,162,110,.596,5,,,,254,179,.587,5,,,
Matt Painter,Purdue,Big Ten,26,10,.722,24,13,Lost Regional Final,2005-06,321,159,.669,11,5,,,346,164,.678,12,5,,
Baker Dunleavy,Quinnipiac,MAAC,16,15,.516,,,,2017-18,28,36,.438,,,,,28,36,.438,,,,
Mike Jones,Radford,Big South,22,11,.667,,,,2011-12,138,127,.521,1,,,,138,127,.521,1,,,
David Cox,Rhode Island,A-10,18,15,.545,,,,2018-19,18,15,.545,,,,,18,15,.545,,,,
Scott Pera,Rice,CUSA,13,19,.406,,,,2017-18,20,43,.317,,,,,20,43,.317,,,,
Chris Mooney,Richmond,A-10,13,20,.394,,,,2005-06,250,215,.538,2,1,,,268,227,.541,2,1,,
Kevin Baggett,Rider,MAAC,16,15,.516,,,,2012-13,123,104,.542,,,,,123,104,.542,,,,
Andrew Toole,Robert Morris,NEC,18,17,.514,,,,2010-11,168,140,.545,1,,,,168,140,.545,1,,,
Steve Pikiell,Rutgers,Big Ten,14,17,.452,,,,2016-17,44,54,.449,,,,,236,210,.529,1,,,
Brian Katz,Sacramento State,Big Sky,15,16,.484,,,,2008-09,126,206,.380,,,,,126,206,.380,,,,
Anthony Latina,Sacred Heart,NEC,15,17,.469,,,,2013-14,70,118,.372,,,,,70,118,.372,,,,
Rob Krimmel,Saint Francis (PA),NEC,18,15,.545,,,,2012-13,97,123,.441,,,,,97,123,.441,,,,
Phil Martelli,St. Joseph's,A-10,14,19,.424,,,,1995-96,444,328,.575,7,2,,,444,328,.575,7,2,,
Travis Ford,Saint Louis,A-10,23,13,.639,,,Lost First Round,2016-17,52,50,.510,1,,,,330,276,.545,7,,,
Randy Bennett,Saint Mary's,WCC,22,12,.647,,,Lost First Round,2001-02,414,174,.704,7,1,,,414,174,.704,7,1,,
Shaheen Holloway,St. Peter's,MAAC,10,22,.312,,,,2018-19,10,22,.312,,,,,10,22,.312,,,,
Jason Hooten,Sam Houston State,Southland,21,12,.636,,,,2010-11,179,125,.589,,,,,179,125,.589,,,,
Scott Padgett,Samford,Southern,17,16,.515,,,,2014-15,74,92,.446,,,,,74,92,.446,,,,
Sam Scholl,San Diego,WCC,21,15,.583,,,,2018-19,21,15,.583,,,,,21,15,.583,,,,
Brian Dutcher,San Diego State,MWC,21,13,.618,,,,2017-18,43,24,.642,1,,,,43,24,.642,1,,,
Kyle Smith,San Francisco,WCC,21,10,.677,,,,2016-17,63,40,.612,,,,,164,122,.573,,,,
Jean Prioleau,San Jose State,MWC,4,27,.129,,,,2017-18,8,53,.131,,,,,8,53,.131,,,,
Herb Sendek,Santa Clara,WCC,16,15,.516,,,,2016-17,44,51,.463,,,,,457,346,.569,8,1,,
Horace Broadnax,Savannah State,MEAC,11,20,.355,,,,2005-06,182,248,.423,,,,,224,336,.400,,,,
Jim Hayford,Seattle,WAC,18,15,.545,,,,2017-18,38,29,.567,,,,,144,120,.545,1,,,
Kevin Willard,Seton Hall,Big East,20,14,.588,,,Lost First Round,2010-11,170,128,.570,4,,,,215,177,.548,4,,,
Jamion Christian,Siena,MAAC,17,16,.515,,,,2018-19,17,16,.515,,,,,118,111,.515,2,,,
Richie Riley,South Alabama,Sun Belt,17,17,.500,,,,2018-19,17,17,.500,,,,,52,45,.536,,,,
Frank Martin,South Carolina,SEC,16,16,.500,,,,2012-13,129,106,.549,1,1,1,,246,160,.606,5,2,1,
Murray Garvin,South Carolina State,MEAC,8,26,.235,,,,2012-13,70,133,.345,,,,,70,133,.345,,,,
Dave Dickerson,USC Upstate,Big South,6,26,.188,,,,2018-19,6,26,.188,,,,,74,110,.402,,,,
Todd Lee,South Dakota,Summit,13,17,.433,,,,2018-19,13,17,.433,,,,,13,17,.433,,,,
T.J. Otzelberger,South Dakota State,Summit,24,9,.727,,,,2016-17,70,33,.680,2,,,,70,33,.680,2,,,
Brian Gregory,South Florida,AAC,24,14,.632,,,,2017-18,34,36,.486,,,,,282,216,.566,2,,,
Rick Ray,Southeast Missouri State,OVC,10,21,.323,,,,2015-16,44,80,.355,,,,,81,140,.367,,,,
Jay Ladner,Southeastern Louisiana,Southland,17,16,.515,,,,2014-15,76,88,.463,,,,,76,88,.463,,,,
Sean Woods,Southern,SWAC,7,25,.219,,,,2018-19,7,25,.219,,,,,134,175,.434,1,,,
Andy Enfield,USC,Pac-12,16,17,.485,,,,2013-14,110,93,.542,2,,,,151,121,.555,3,1,,
Barry Hinson,Southern Illinois,MVC,17,15,.531,,,,2012-13,116,111,.511,,,,,321,251,.561,,,,
Jon Harris,SIU-Edwardsville,OVC,10,21,.323,,,,2015-16,31,88,.261,,,,,31,88,.261,,,,
Tim Jankovich,SMU,AAC,15,17,.469,,,,2015-16,71,38,.651,1,,,,228,159,.589,1,,,
Doc Sadler,Southern Miss,CUSA,20,13,.606,,,,2014-15,62,94,.397,,,,,211,201,.512,1,,,
Todd Simon,Southern Utah,Big Sky,17,17,.500,,,,2016-17,36,63,.364,,,,,45,71,.388,,,,
Mark Schmidt,St. Bonaventure,A-10,18,16,.529,,,,2007-08,210,168,.556,2,,,,292,258,.531,2,,,
Glenn Braica,St. Francis (NY),NEC,17,16,.515,,,,2010-11,132,152,.465,,,,,132,152,.465,,,,
Chris Mullin,St. John's (NY),Big East,21,13,.618,,,,2015-16,59,73,.447,1,,,,59,73,.447,1,,,
Jerod Haase,Stanford,Pac-12,15,16,.484,,,,2016-17,48,49,.495,,,,,128,102,.557,1,,,
Kyle Keller,Stephen F. Austin,Southland,14,16,.467,,,,2016-17,60,38,.612,1,,,,60,38,.612,1,,,
Corey Williams,Stetson,A-Sun,7,24,.226,,,,2013-14,58,133,.304,,,,,58,133,.304,,,,
Jeff Boals,Stony Brook,AEC,24,9,.727,,,,2016-17,55,42,.567,,,,,55,42,.567,,,,
Jim Boeheim*,Syracuse,ACC,20,14,.588,16,,Lost First Round,1976-77,1047,385,.731,34,18,5,1,1047,385,.731,34,18,5,1
Fran Dunphy,Temple,AAC,23,10,.697,,,,2006-07,270,162,.625,8,,,,580,325,.641,17,,,
Rick Barnes,Tennessee,SEC,31,6,.838,6,6,Lost Regional Semifinal,2015-16,88,50,.638,2,1,,,692,364,.655,24,7,1,
Anthony Stewart,UT-Martin,OVC,12,19,.387,,,,2016-17,44,53,.454,,,,,44,53,.454,,,,
Brian Collins,Tennessee State,OVC,9,21,.300,,,,2018-19,9,21,.300,,,,,9,21,.300,,,,
Steve Payne,Tennessee Tech,OVC,8,23,.258,,,,2011-12,118,134,.468,,,,,118,134,.468,,,,
Shaka Smart,Texas,Big 12,21,16,.568,,,,2015-16,71,66,.518,2,,,,234,122,.657,7,1,1,
Billy Kennedy,Texas A&M,SEC,14,18,.438,,,,2011-12,151,116,.566,2,2,,,362,295,.551,4,2,,
Willis Wilson,Texas A&M-Corpus Christi,Southland,14,18,.438,,,,2011-12,124,133,.482,,,,,342,380,.474,,,,
Chris Ogden,Texas-Arlington,Sun Belt,17,16,.515,,,,2018-19,17,16,.515,,,,,17,16,.515,,,,
Jamie Dixon,TCU,Big 12,23,14,.622,20,,,2016-17,68,41,.624,1,,,,396,164,.707,12,3,,
Rodney Terry,UTEP,CUSA,8,21,.276,,,,2018-19,8,21,.276,,,,,134,129,.510,1,,,
Lew Hill,Texas-Rio Grande Valley,WAC,20,17,.541,,,,2016-17,45,57,.441,,,,,45,57,.441,,,,
Steve Henson,UTSA,CUSA,17,15,.531,,,,2016-17,51,49,.510,,,,,51,49,.510,,,,
Johnny Jones,Texas Southern,SWAC,24,14,.632,,,,2018-19,24,14,.632,,,,,319,248,.563,3,,,
Danny Kaspar,Texas State,Sun Belt,24,10,.706,,,,2013-14,98,98,.500,,,,,344,239,.590,1,,,
Chris Beard,Texas Tech,Big 12,31,7,.816,,9,Lost National Final,2016-17,76,31,.710,2,2,1,,106,36,.746,3,2,1,
Tod Kowalczyk,Toledo,MAC,25,8,.758,,,,2010-11,167,129,.564,,,,,303,241,.557,,,,
Pat Skerry,Towson,CAA,10,22,.312,,,,2011-12,124,137,.475,,,,,124,137,.475,,,,
Phil Cunningham,Troy,Sun Belt,12,18,.400,,,,2013-14,80,111,.419,1,,,,80,111,.419,1,,,
Mike Dunleavy,Tulane,AAC,4,27,.129,,,,2016-17,24,69,.258,,,,,24,69,.258,,,,
Frank Haith,Tulsa,AAC,18,14,.562,,,,2014-15,95,66,.590,1,,,,300,195,.606,4,,,
Murry Bartow,UCLA,Pac-12,10,10,.500,21,,,2018-19,10,10,.500,,,,,338,274,.552,4,,,
Steve Alford,UCLA,Pac-12,7,6,.538,21,,,2013-14,124,63,.663,4,3,,,509,269,.654,11,4,,
Larry Krystkowiak,Utah,Pac-12,17,14,.548,,,,2011-12,155,111,.583,2,1,,,197,131,.601,4,1,,
Craig Smith,Utah State,MWC,28,7,.800,,25,Lost First Round,2018-19,28,7,.800,1,,,,107,62,.633,1,,,
Mark Pope,Utah Valley,WAC,25,10,.714,,,,2015-16,77,56,.579,,,,,77,56,.579,,,,
Matt Lottich,Valparaiso,MVC,15,18,.455,,,,2016-17,54,44,.551,,,,,54,44,.551,,,,
Bryce Drew,Vanderbilt,SEC,9,23,.281,,,,2016-17,40,59,.404,1,,,,164,108,.603,3,,,
John Becker,Vermont,AEC,27,7,.794,,,Lost First Round,2011-12,193,84,.697,3,,,,193,84,.697,3,,,
Jay Wright,Villanova,Big East,26,10,.722,9,23,Lost Second Round,2001-02,448,175,.719,14,6,3,2,570,260,.687,16,6,3,2
Tony Bennett,Virginia,ACC,35,3,.921,5,2,Won National Final,2009-10,254,89,.741,7,3,1,1,323,122,.726,9,4,1,1
Mike Rhoades,VCU,A-10,25,8,.758,,,Lost First Round,2017-18,43,23,.652,1,,,,90,75,.545,1,,,
Dan Earl,VMI,Southern,11,21,.344,,,,2015-16,35,87,.287,,,,,35,87,.287,,,,
Buzz Williams,Virginia Tech,ACC,26,9,.743,15,16,Lost Regional Semifinal,2014-15,100,69,.592,3,1,,,253,155,.620,8,4,,
Bashir Mason,Wagner,NEC,13,17,.433,,,,2012-13,123,96,.562,,,,,123,96,.562,,,,
Danny Manning,Wake Forest,ACC,11,20,.355,,,,2014-15,65,93,.411,1,,,,103,122,.458,2,,,
Mike Hopkins,Washington,Pac-12,27,9,.750,25,,Lost Second Round,2017-18,48,22,.686,1,,,,52,27,.658,2,1,1,
Ernie Kent,Washington State,Pac-12,11,21,.344,,,,2014-15,58,98,.372,,,,,383,351,.522,6,2,,
Randy Rahe,Weber State,Big Sky,18,15,.545,,,,2006-07,266,153,.635,3,,,,266,153,.635,3,,,
Bob Huggins,West Virginia,Big 12,15,21,.417,13,,,2007-08,270,151,.641,9,5,1,,788,337,.700,24,9,2,
Mark Prosser,Western Carolina,Southern,7,25,.219,,,,2018-19,7,25,.219,,,,,7,25,.219,,,,
Bill Wright,Western Illinois,Summit,10,21,.323,,,,2014-15,48,94,.338,,,,,48,94,.338,,,,
Rick Stansbury,Western Kentucky,CUSA,20,14,.588,,,,2016-17,62,42,.596,,,,,355,208,.631,6,,,
Steve Hawkins,Western Michigan,MAC,8,24,.250,,,,2003-04,278,243,.534,2,,,,278,243,.534,2,,,
Gregg Marshall,Wichita State,AAC,22,15,.595,,,,2007-08,308,113,.732,7,2,1,,502,196,.719,14,2,1,
Tony Shaver,William & Mary,CAA,14,17,.452,,,,2003-04,226,268,.457,,,,,226,268,.457,,,,
Pat Kelsey,Winthrop,Big South,18,12,.600,,,,2012-13,139,83,.626,1,,,,139,83,.626,1,,,
Greg Gard,Wisconsin,Big Ten,23,11,.676,,21,Lost First Round,2015-16,80,47,.630,3,2,,,80,47,.630,3,2,,
Mike Young,Wofford,Southern,30,5,.857,,19,Lost Second Round,2002-03,299,244,.551,5,,,,299,244,.551,5,,,
Scott Nagy,Wright State,Horizon,21,14,.600,,,,2016-17,66,36,.647,1,,,,256,199,.563,4,,,
Allen Edwards,Wyoming,MWC,8,24,.250,,,,2016-17,51,52,.495,,,,,51,52,.495,,,,
Travis Steele,Xavier,Big East,19,16,.543,,,,2018-19,19,16,.543,,,,,19,16,.543,,,,
James Jones,Yale,Ivy,22,8,.733,,,Lost First Round,1999-00,310,273,.532,2,,,,310,273,.532,2,,,
Jerrod Calhoun,Youngstown State,Horizon,12,20,.375,,,,2017-18,20,44,.312,,,,,20,44,.312,,,,
